kolom_1,pdf_1,omschrijving_1,test_kolom_1,kolom_2,pdf_2,omschrijving_2,test_kolom_2,kolom_3,pdf_3,omschrijving_3,test_kolom_3,kolom_4,pdf_4,omschrijving_4,test_kolom_4,kolom_5,pdf_5,omschrijving_5,test_kolom_5,kolom_6,pdf_6,omschrijving_6,test_kolom_6,kolom_7,pdf_7,omschrijving_7,test_kolom_7,kolom_8,pdf_8,omschrijving_8,test_kolom_8,kolom_9,pdf_9,omschrijving_9,test_kolom_9
.,rol nummer,rol_001,,.,rol nummer,rol_002,,.,rol nummer,rol_003,,.,rol nummer,rol_004,,.,rol nummer,rol_005,,.,rol nummer,rol_006,,.,rol nummer,rol_007,,.,rol nummer,rol_008,,.,rol nummer,rol_009,
.,begin nummer,700001,,.,begin nummer,702001,,.,begin nummer,704001,,.,begin nummer,706001,,.,begin nummer,708001,,.,begin nummer,710001,,.,begin nummer,712001,,.,begin nummer,714001,,.,begin nummer,716001,
.,eind nummer,702000,,.,eind nummer,704000,,.,eind nummer,706000,,.,eind nummer,708000,,.,eind nummer,710000,,.,eind nummer,712000,,.,eind nummer,714000,,.,eind nummer,716000,,.,eind nummer,718000,
.,rol nummer,rol_010,,.,rol nummer,rol_011,,.,rol nummer,rol_012,,.,rol nummer,rol_013,,.,rol nummer,rol_014,,.,rol nummer,rol_015,,.,rol nummer,rol_016,,.,rol nummer,rol_017,,.,rol nummer,rol_018,
.,begin nummer,718001,,.,begin nummer,720001,,.,begin nummer,722001,,.,begin nummer,724001,,.,begin nummer,726001,,.,begin nummer,728001,,.,begin nummer,730001,,.,begin nummer,732001,,.,begin nummer,734001,
.,eind nummer,720000,,.,eind nummer,722000,,.,eind nummer,724000,,.,eind nummer,726000,,.,eind nummer,728000,,.,eind nummer,730000,,.,eind nummer,732000,,.,eind nummer,734000,,.,eind nummer,736000,
.,rol nummer,rol_019,,.,rol nummer,rol_020,,.,rol nummer,rol_021,,.,rol nummer,rol_022,,.,rol nummer,rol_023,,.,rol nummer,rol_024,,.,rol nummer,rol_025,,.,rol nummer,rol_026,,.,rol nummer,rol_027,
.,begin nummer,736001,,.,begin nummer,738001,,.,begin nummer,740001,,.,begin nummer,742001,,.,begin nummer,744001,,.,begin nummer,746001,,.,begin nummer,748001,,.,begin nummer,750001,,.,begin nummer,752001,
.,eind nummer,738000,,.,eind nummer,740000,,.,eind nummer,742000,,.,eind nummer,744000,,.,eind nummer,746000,,.,eind nummer,748000,,.,eind nummer,750000,,.,eind nummer,752000,,.,eind nummer,754000,
.,rol nummer,rol_028,,.,rol nummer,rol_029,,.,rol nummer,rol_030,,.,rol nummer,rol_031,,.,rol nummer,rol_032,,.,rol nummer,rol_033,,.,rol nummer,rol_034,,.,rol nummer,rol_035,,.,rol nummer,rol_036,
.,begin nummer,754001,,.,begin nummer,756001,,.,begin nummer,758001,,.,begin nummer,760001,,.,begin nummer,762001,,.,begin nummer,764001,,.,begin nummer,766001,,.,begin nummer,768001,,.,begin nummer,770001,
.,eind nummer,756000,,.,eind nummer,758000,,.,eind nummer,760000,,.,eind nummer,762000,,.,eind nummer,764000,,.,eind nummer,766000,,.,eind nummer,768000,,.,eind nummer,770000,,.,eind nummer,772000,
.,rol nummer,rol_037,,.,rol nummer,rol_038,,.,rol nummer,rol_039,,.,rol nummer,rol_040,,.,rol nummer,rol_041,,.,rol nummer,rol_042,,.,rol nummer,rol_043,,.,rol nummer,rol_044,,.,rol nummer,rol_045,
.,begin nummer,772001,,.,begin nummer,774001,,.,begin nummer,776001,,.,begin nummer,778001,,.,begin nummer,780001,,.,begin nummer,782001,,.,begin nummer,784001,,.,begin nummer,786001,,.,begin nummer,788001,
.,eind nummer,774000,,.,eind nummer,776000,,.,eind nummer,778000,,.,eind nummer,780000,,.,eind nummer,782000,,.,eind nummer,784000,,.,eind nummer,786000,,.,eind nummer,788000,,.,eind nummer,790000,
.,rol nummer,rol_046,,.,rol nummer,rol_047,,.,rol nummer,rol_048,,.,rol nummer,rol_049,,.,rol nummer,rol_050,,.,rol nummer,rol_051,,.,rol nummer,rol_052,,.,rol nummer,rol_053,,.,rol nummer,rol_054,
.,begin nummer,790001,,.,begin nummer,792001,,.,begin nummer,794001,,.,begin nummer,796001,,.,begin nummer,798001,,.,begin nummer,1,,.,begin nummer,2001,,.,begin nummer,4001,,.,begin nummer,6001,
.,eind nummer,792000,,.,eind nummer,794000,,.,eind nummer,796000,,.,eind nummer,798000,,.,eind nummer,800000,,.,eind nummer,2000,,.,eind nummer,4000,,.,eind nummer,6000,,.,eind nummer,8000,
