kolom_1,pdf_1,omschrijving_1,test_kolom_1,kolom_2,pdf_2,omschrijving_2,test_kolom_2,kolom_3,pdf_3,omschrijving_3,test_kolom_3
.,rol nummer,rol_514,,.,rol nummer,rol_515,,.,rol nummer,rol_516,
.,begin nummer,350504067241539017,,.,begin nummer,350504067241542017,,.,begin nummer,350504067241545018,
.,eind nummer,350504067241542000,,.,eind nummer,350504067241545001,,.,eind nummer,350504067241548002,
.,rol nummer,rol_517,,.,rol nummer,rol_518,,.,rol nummer,rol_519,
.,begin nummer,350504067241548019,,.,begin nummer,350504067241551019,,.,begin nummer,350504067241554010,
.,eind nummer,350504067241551002,,.,eind nummer,350504067241554003,,.,eind nummer,350504067241557004,
.,rol nummer,rol_520,,.,rol nummer,rol_521,,.,rol nummer,rol_522,
.,begin nummer,350504067241557011,,.,begin nummer,350504067241560011,,.,begin nummer,350504067241563012,
.,eind nummer,350504067241560004,,.,eind nummer,350504067241563005,,.,eind nummer,350504067241566006,
.,rol nummer,rol_523,,.,rol nummer,rol_524,,.,rol nummer,rol_525,
.,begin nummer,350504067241566013,,.,begin nummer,350504067241569014,,.,begin nummer,350504067241572014,
.,eind nummer,350504067241569007,,.,eind nummer,350504067241572007,,.,eind nummer,350504067241575008,
.,rol nummer,rol_526,,.,rol nummer,rol_527,,.,rol nummer,rol_528,
.,begin nummer,350504067241575015,,.,begin nummer,350504067241578016,,.,begin nummer,350504067241581016,
.,eind nummer,350504067241578009,,.,eind nummer,350504067241581009,,.,eind nummer,350504067241584000,
.,rol nummer,rol_529,,.,rol nummer,rol_530,,.,rol nummer,rol_531,
.,begin nummer,350504067241584017,,.,begin nummer,350504067241587018,,.,begin nummer,350504067241590018,
.,eind nummer,350504067241587001,,.,eind nummer,350504067241590001,,.,eind nummer,350504067241593002,
.,rol nummer,rol_532,,.,rol nummer,rol_533,,.,rol nummer,rol_534,
.,begin nummer,350504067241593019,,.,begin nummer,350504067241596010,,.,begin nummer,350504067241599011,
.,eind nummer,350504067241596003,,.,eind nummer,350504067241599004,,.,eind nummer,350504067241602001,
.,rol nummer,rol_535,,.,rol nummer,rol_536,,.,rol nummer,rol_537,
.,begin nummer,350504067241602018,,.,begin nummer,350504067241605019,,.,begin nummer,350504067241608010,
.,eind nummer,350504067241605002,,.,eind nummer,350504067241608003,,.,eind nummer,350504067241611003,
.,rol nummer,rol_538,,.,rol nummer,rol_539,,.,rol nummer,rol_540,
.,begin nummer,350504067241611010,,.,begin nummer,350504067241614011,,.,begin nummer,350504067241617012,
.,eind nummer,350504067241614004,,.,eind nummer,350504067241617005,,.,eind nummer,350504067241620005,
.,rol nummer,rol_541,,.,rol nummer,rol_542,,.,rol nummer,rol_543,
.,begin nummer,350504067241620012,,.,begin nummer,350504067241623013,,.,begin nummer,350504067241626014,
.,eind nummer,350504067241623006,,.,eind nummer,350504067241626007,,.,eind nummer,350504067241629008,
.,rol nummer,rol_544,,.,rol nummer,rol_545,,.,rol nummer,rol_546,
.,begin nummer,350504067241629015,,.,begin nummer,350504067241632015,,.,begin nummer,350504067241635016,
.,eind nummer,350504067241632008,,.,eind nummer,350504067241635009,,.,eind nummer,350504067241638000,
.,rol nummer,rol_547,,.,rol nummer,rol_548,,.,rol nummer,rol_549,
.,begin nummer,350504067241638017,,.,begin nummer,350504067241641017,,.,begin nummer,350504067241644018,
.,eind nummer,350504067241641000,,.,eind nummer,350504067241644001,,.,eind nummer,350504067241647002,
.,rol nummer,rol_550,,.,rol nummer,rol_551,,.,rol nummer,rol_552,
.,begin nummer,350504067241647019,,.,begin nummer,350504067241650019,,.,begin nummer,350504067241653010,
.,eind nummer,350504067241650002,,.,eind nummer,350504067241653003,,.,eind nummer,350504067241656004,
.,rol nummer,rol_553,,.,rol nummer,rol_554,,.,rol nummer,rol_555,
.,begin nummer,350504067241656011,,.,begin nummer,350504067241659012,,.,begin nummer,350504067241662012,
.,eind nummer,350504067241659005,,.,eind nummer,350504067241662005,,.,eind nummer,350504067241665006,
.,rol nummer,rol_556,,.,rol nummer,rol_557,,.,rol nummer,rol_558,
.,begin nummer,350504067241665013,,.,begin nummer,350504067241668014,,.,begin nummer,350504067241671014,
.,eind nummer,350504067241668007,,.,eind nummer,350504067241671007,,.,eind nummer,350504067241674008,
.,rol nummer,rol_559,,.,rol nummer,rol_560,,.,rol nummer,rol_561,
.,begin nummer,350504067241674015,,.,begin nummer,350504067241677016,,.,begin nummer,350504067241680016,
.,eind nummer,350504067241677009,,.,eind nummer,350504067241680009,,.,eind nummer,350504067241683000,
.,rol nummer,rol_562,,.,rol nummer,rol_563,,.,rol nummer,rol_564,
.,begin nummer,350504067241683017,,.,begin nummer,350504067241686018,,.,begin nummer,350504067241689019,
.,eind nummer,350504067241686001,,.,eind nummer,350504067241689002,,.,eind nummer,350504067241692002,
.,rol nummer,rol_565,,.,rol nummer,rol_566,,.,rol nummer,rol_567,
.,begin nummer,350504067241692019,,.,begin nummer,350504067241695010,,.,begin nummer,350504067241698011,
.,eind nummer,350504067241695003,,.,eind nummer,350504067241698004,,.,eind nummer,350504067241701001,
.,rol nummer,rol_568,,.,rol nummer,rol_569,,.,rol nummer,rol_570,
.,begin nummer,350504067241701018,,.,begin nummer,350504067241704019,,.,begin nummer,350504067241707010,
.,eind nummer,350504067241704002,,.,eind nummer,350504067241707003,,.,eind nummer,350504067241710003,
.,rol nummer,rol_571,,.,rol nummer,rol_572,,.,rol nummer,rol_573,
.,begin nummer,350504067241710010,,.,begin nummer,350504067241713011,,.,begin nummer,350504067241716012,
.,eind nummer,350504067241713004,,.,eind nummer,350504067241716005,,.,eind nummer,350504067241719006,
.,rol nummer,rol_574,,.,rol nummer,rol_575,,.,rol nummer,rol_576,
.,begin nummer,350504067241719013,,.,begin nummer,350504067241722013,,.,begin nummer,350504067241725014,
.,eind nummer,350504067241722006,,.,eind nummer,350504067241725007,,.,eind nummer,350504067241728008,
.,rol nummer,rol_577,,.,rol nummer,rol_578,,.,rol nummer,rol_579,
.,begin nummer,350504067241728015,,.,begin nummer,350504067241731015,,.,begin nummer,350504067241734016,
.,eind nummer,350504067241731008,,.,eind nummer,350504067241734009,,.,eind nummer,350504067241737000,
.,rol nummer,rol_580,,.,rol nummer,rol_581,,.,rol nummer,rol_582,
.,begin nummer,350504067241737017,,.,begin nummer,350504067241740017,,.,begin nummer,350504067241743018,
.,eind nummer,350504067241740000,,.,eind nummer,350504067241743001,,.,eind nummer,350504067241746002,
.,rol nummer,rol_583,,.,rol nummer,rol_584,,.,rol nummer,rol_585,
.,begin nummer,350504067241746019,,.,begin nummer,350504067241749010,,.,begin nummer,350504067241752010,
.,eind nummer,350504067241749003,,.,eind nummer,350504067241752003,,.,eind nummer,350504067241755004,
.,rol nummer,rol_586,,.,rol nummer,rol_587,,.,rol nummer,rol_588,
.,begin nummer,350504067241755011,,.,begin nummer,350504067241758012,,.,begin nummer,350504067241761012,
.,eind nummer,350504067241758005,,.,eind nummer,350504067241761005,,.,eind nummer,350504067241764006,
.,rol nummer,rol_589,,.,rol nummer,rol_590,,.,rol nummer,rol_591,
.,begin nummer,350504067241764013,,.,begin nummer,350504067241767014,,.,begin nummer,350504067241770014,
.,eind nummer,350504067241767007,,.,eind nummer,350504067241770007,,.,eind nummer,350504067241773008,
.,rol nummer,rol_592,,.,rol nummer,rol_593,,.,rol nummer,rol_594,
.,begin nummer,350504067241773015,,.,begin nummer,350504067241776016,,.,begin nummer,350504067241779017,
.,eind nummer,350504067241776009,,.,eind nummer,350504067241779000,,.,eind nummer,350504067241782000,
.,rol nummer,rol_595,,.,rol nummer,rol_596,,.,rol nummer,rol_597,
.,begin nummer,350504067241782017,,.,begin nummer,350504067241785018,,.,begin nummer,350504067241788019,
.,eind nummer,350504067241785001,,.,eind nummer,350504067241788002,,.,eind nummer,350504067241791002,
.,rol nummer,rol_598,,.,rol nummer,rol_599,,.,rol nummer,rol_600,
.,begin nummer,350504067241791019,,.,begin nummer,350504067241794010,,.,begin nummer,350504067241797011,
.,eind nummer,350504067241794003,,.,eind nummer,350504067241797004,,.,eind nummer,350504067241800001,
.,rol nummer,rol_601,,.,rol nummer,rol_602,,.,rol nummer,rol_603,
.,begin nummer,350504067241800018,,.,begin nummer,350504067241803019,,.,begin nummer,350504067241806010,
.,eind nummer,350504067241803002,,.,eind nummer,350504067241806003,,.,eind nummer,350504067241809004,
.,rol nummer,rol_604,,.,rol nummer,rol_605,,.,rol nummer,rol_606,
.,begin nummer,350504067241809011,,.,begin nummer,350504067241812011,,.,begin nummer,350504067241815012,
.,eind nummer,350504067241812004,,.,eind nummer,350504067241815005,,.,eind nummer,350504067241818006,
.,rol nummer,rol_607,,.,rol nummer,rol_608,,.,rol nummer,rol_609,
.,begin nummer,350504067241818013,,.,begin nummer,350504067241821013,,.,begin nummer,350504067241824014,
.,eind nummer,350504067241821006,,.,eind nummer,350504067241824007,,.,eind nummer,350504067241827008,
.,rol nummer,rol_610,,.,rol nummer,rol_611,,.,rol nummer,rol_612,
.,begin nummer,350504067241827015,,.,begin nummer,350504067241830015,,.,begin nummer,350504067241833016,
.,eind nummer,350504067241830008,,.,eind nummer,350504067241833009,,.,eind nummer,350504067241836000,
.,rol nummer,rol_613,,.,rol nummer,rol_614,,.,rol nummer,rol_615,
.,begin nummer,350504067241836017,,.,begin nummer,350504067241839018,,.,begin nummer,350504067241842018,
.,eind nummer,350504067241839001,,.,eind nummer,350504067241842001,,.,eind nummer,350504067241845002,
.,rol nummer,rol_616,,.,rol nummer,rol_617,,.,rol nummer,rol_618,
.,begin nummer,350504067241845019,,.,begin nummer,350504067241848010,,.,begin nummer,350504067241851010,
.,eind nummer,350504067241848003,,.,eind nummer,350504067241851003,,.,eind nummer,350504067241854004,
.,rol nummer,rol_619,,.,rol nummer,rol_620,,.,rol nummer,rol_621,
.,begin nummer,350504067241854011,,.,begin nummer,350504067241857012,,.,begin nummer,350504067241860012,
.,eind nummer,350504067241857005,,.,eind nummer,350504067241860005,,.,eind nummer,350504067241863006,
.,rol nummer,rol_622,,.,rol nummer,rol_623,,.,rol nummer,rol_624,
.,begin nummer,350504067241863013,,.,begin nummer,350504067241866014,,.,begin nummer,350504067241869015,
.,eind nummer,350504067241866007,,.,eind nummer,350504067241869008,,.,eind nummer,350504067241872008,
.,rol nummer,rol_625,,.,rol nummer,rol_626,,.,rol nummer,rol_627,
.,begin nummer,350504067241872015,,.,begin nummer,350504067241875016,,.,begin nummer,350504067241878017,
.,eind nummer,350504067241875009,,.,eind nummer,350504067241878000,,.,eind nummer,350504067241881000,
.,rol nummer,rol_628,,.,rol nummer,rol_629,,.,rol nummer,rol_630,
.,begin nummer,350504067241881017,,.,begin nummer,350504067241884018,,.,begin nummer,350504067241887019,
.,eind nummer,350504067241884001,,.,eind nummer,350504067241887002,,.,eind nummer,350504067241890002,
.,rol nummer,rol_631,,.,rol nummer,rol_632,,.,rol nummer,rol_633,
.,begin nummer,350504067241890019,,.,begin nummer,350504067241893010,,.,begin nummer,350504067241896011,
.,eind nummer,350504067241893003,,.,eind nummer,350504067241896004,,.,eind nummer,350504067241899005,
.,rol nummer,rol_634,,.,rol nummer,rol_635,,.,rol nummer,rol_636,
.,begin nummer,350504067241899012,,.,begin nummer,350504067241902019,,.,begin nummer,350504067241905010,
.,eind nummer,350504067241902002,,.,eind nummer,350504067241905003,,.,eind nummer,350504067241908004,
.,rol nummer,rol_637,,.,rol nummer,rol_638,,.,rol nummer,rol_639,
.,begin nummer,350504067241908011,,.,begin nummer,350504067241911011,,.,begin nummer,350504067241914012,
.,eind nummer,350504067241911004,,.,eind nummer,350504067241914005,,.,eind nummer,350504067241917006,
.,rol nummer,rol_640,,.,rol nummer,rol_641,,.,rol nummer,rol_642,
.,begin nummer,350504067241917013,,.,begin nummer,350504067241920013,,.,begin nummer,350504067241923014,
.,eind nummer,350504067241920006,,.,eind nummer,350504067241923007,,.,eind nummer,350504067241926008,
.,rol nummer,rol_643,,.,rol nummer,rol_644,,.,rol nummer,rol_645,
.,begin nummer,350504067241926015,,.,begin nummer,350504067241929016,,.,begin nummer,350504067241932016,
.,eind nummer,350504067241929009,,.,eind nummer,350504067241932009,,.,eind nummer,350504067241935000,
.,rol nummer,rol_646,,.,rol nummer,rol_647,,.,rol nummer,rol_648,
.,begin nummer,350504067241935017,,.,begin nummer,350504067241938018,,.,begin nummer,350504067241941018,
.,eind nummer,350504067241938001,,.,eind nummer,350504067241941001,,.,eind nummer,350504067241944002,
.,rol nummer,rol_649,,.,rol nummer,rol_650,,.,rol nummer,rol_651,
.,begin nummer,350504067241944019,,.,begin nummer,350504067241947010,,.,begin nummer,350504067241950010,
.,eind nummer,350504067241947003,,.,eind nummer,350504067241950003,,.,eind nummer,350504067241953004,
.,rol nummer,rol_652,,.,rol nummer,rol_653,,.,rol nummer,rol_654,
.,begin nummer,350504067241953011,,.,begin nummer,350504067241956012,,.,begin nummer,350504067241959013,
.,eind nummer,350504067241956005,,.,eind nummer,350504067241959006,,.,eind nummer,350504067241962006,
.,rol nummer,rol_655,,.,rol nummer,rol_656,,.,rol nummer,rol_657,
.,begin nummer,350504067241962013,,.,begin nummer,350504067241965014,,.,begin nummer,350504067241968015,
.,eind nummer,350504067241965007,,.,eind nummer,350504067241968008,,.,eind nummer,350504067241971008,
.,rol nummer,rol_658,,.,rol nummer,rol_659,,.,rol nummer,rol_660,
.,begin nummer,350504067241971015,,.,begin nummer,350504067241974016,,.,begin nummer,350504067241977017,
.,eind nummer,350504067241974009,,.,eind nummer,350504067241977000,,.,eind nummer,350504067241980000,
.,rol nummer,rol_661,,.,rol nummer,rol_662,,.,rol nummer,rol_663,
.,begin nummer,350504067241980017,,.,begin nummer,350504067241983018,,.,begin nummer,350504067241986019,
.,eind nummer,350504067241983001,,.,eind nummer,350504067241986002,,.,eind nummer,350504067241989003,
.,rol nummer,rol_664,,.,rol nummer,rol_665,,.,rol nummer,rol_666,
.,begin nummer,350504067241989010,,.,begin nummer,350504067241992010,,.,begin nummer,350504067241995011,
.,eind nummer,350504067241992003,,.,eind nummer,350504067241995004,,.,eind nummer,350504067241998005,
.,rol nummer,rol_667,,.,rol nummer,rol_668,,.,rol nummer,rol_669,
.,begin nummer,350504067241998012,,.,begin nummer,350504067242001018,,.,begin nummer,350504067242004019,
.,eind nummer,350504067242001001,,.,eind nummer,350504067242004002,,.,eind nummer,350504067242007003,
.,rol nummer,rol_670,,.,rol nummer,rol_671,,.,rol nummer,rol_672,
.,begin nummer,350504067242007010,,.,begin nummer,350504067242010010,,.,begin nummer,350504067242013011,
.,eind nummer,350504067242010003,,.,eind nummer,350504067242013004,,.,eind nummer,350504067242016005,
.,rol nummer,rol_673,,.,rol nummer,rol_674,,.,rol nummer,rol_675,
.,begin nummer,350504067242016012,,.,begin nummer,350504067242019013,,.,begin nummer,350504067242022013,
.,eind nummer,350504067242019006,,.,eind nummer,350504067242022006,,.,eind nummer,350504067242025007,
.,rol nummer,rol_676,,.,rol nummer,rol_677,,.,rol nummer,rol_678,
.,begin nummer,350504067242025014,,.,begin nummer,350504067242028015,,.,begin nummer,350504067242031015,
.,eind nummer,350504067242028008,,.,eind nummer,350504067242031008,,.,eind nummer,350504067242034009,
.,rol nummer,rol_679,,.,rol nummer,rol_680,,.,rol nummer,rol_681,
.,begin nummer,350504067242034016,,.,begin nummer,350504067242037017,,.,begin nummer,350504067242040017,
.,eind nummer,350504067242037000,,.,eind nummer,350504067242040000,,.,eind nummer,350504067242043001,
.,rol nummer,rol_682,,.,rol nummer,rol_683,,.,rol nummer,rol_684,
.,begin nummer,350504067242043018,,.,begin nummer,350504067242046019,,.,begin nummer,350504067242049010,
.,eind nummer,350504067242046002,,.,eind nummer,350504067242049003,,.,eind nummer,350504067242052003,
